股票代號,股票名稱,2020股利,2019股利,2018股利,2017股利,2016股利,2015股利
8070,長華*,1.3,1.04,0.26,12.6,8.5,
4303,信立,0.3,1.2,1.2,55,0,
8066,來思達,3,6.1032308,10,8,8,
3623,富晶通,0,0,2.5,3.18576322,4.00022053,
1416,廣豐,0.5,0,1.2,1.2,3,
6548,長華科,1.32,0.92,0.4,1.24,0.9,
6496,科懋,1,1,4,4,4,
1463,強盛,0.3,0.6,1.4,3,3.3,
8107,大億金茂,0.06744125,1,1,7,0,
6158,禾昌,0.5,0.3,10,1.22103744,1.2,
8941,關中,2.5,2,4,9,3,
5015,華祺,1.9,2.4,4.2,3.1,2.5,
6136,富爾特,1.1,1.4,1.5,1.8,2,
8433,弘帆,2,2,3,5.04761758,6.0571411,
2926,誠生,0.84,4.2,6.8,7.56,7.68,
5356,協益,2.2,2.2,2,2,4,
4741,泓瀚,0.6,1.5,1.94874887,3,3.5,
6108,競國,0.5,1.6,2.5,1.35,2,
3541,西柏,2,5.54928098,4,5,5,
2596,綠意,1.2,1,2,2.268919,2.2,
1464,得力,0.3,1.5,1.5,2.2,2.36591061,
3310,佳穎,1.5,2,5,1.5,0.5,
2235,謚源,2,3,3,3.5,4,
6613,朋億,8,10,15,10,6,
8916,光隆,3,2.99187,3.37065281,2.98766157,3.58223351,
1565,精華,12,18,26.5,25,27,
6220,岳豐,1.00377448,0.85,2,2.3,2.3,
3088,艾訊,2.6,3.97517365,3.74901188,5.52777179,3.65,
1310,台苯,0.5,1,2,1.6,2.2,
6574,霈方,1.38,1.23,4,6.16189,7.07,4.470585
4305,世坤,1.8,2.1,2.6,2.4,2.4,
5315,光聯,0.85,0.82336862,1.46665148,1,2.50471023,
6128,上福,1,2.4,2,0.5,2.8,
6292,迅德,2.7,3.52253184,2.3,2.3,3.2,
8049,晶采,1.65,1.8,2,1.39946144,1.3,
8342,益張,4,3.5,3.5,2.98793524,5.8,
8091,翔名,2.6,1.45221136,5.62644267,8.09985626,3.63123347,
4972,湯石,2.4,2.24135984,2.35891272,2.3,2.7,
4995,晶達,1.79935464,3.69911449,2.14818643,2.26244018,1.7997142,
6210,慶生,3,3,2.6,3.5,2,
4987,科誠,3.5,3.2,5,4.7,3.5,
2496,卓越,4.5,2.5260502,4,7,3,
6577,勁豐,5,5,4.5,4,4.06198062,
1595,川寶,0.5,1.25,2.5,4,1.5,
5536,聖暉,12,15,15.00442912,14.50123017,8.01425153,
1580,新麥,6.79,5,6.5,8.350000167,8.5,
6218,豪勉,1,1.4,1.6,1.2,1.2,
4527,方土霖,2,1.6,2,2,2.2,
4550,長佳,1.68,1.70000002,1.25,1.27158016,1.97353042,
8032,光菱,1,1.13,2,1.7,1.8,
1808,潤隆,0.8,4,8,3.53781015,5.07487174,
5016,松和,2,1.3,2.5,3,2.5,
2063,世鎧,2,2.5,3,2.5,1.2,
5438,東友,0.1,0.44,1.05,1.5,1.2,
2545,皇翔,4.5,1.2,1.8,1.5,4.5,
1522,堤維西,0.6,1.4,1.3,1.6,2,
1776,展宇,1,0.84563927,0.8,1.5,1.6,
3558,神準,4,5.2,6.5,6,8,
5490,同亨,2,1.5,0.5,1,4,
8424,惠普,4,4,3.8,3.5,3,
6154,順發,0.55,0.6,1,1,1,
6186,新潤,1.75,3,1,1.5,2,
6506,雙邦,0.8,1.1,1.2,1.3,1.7,
8383,千附,2.5,2.5,2.5,2.7,2.7,
4138,曜亞,3.5,3.35,3.15,3.4,3.56,
5878,台名,3.2,3,2.75,3.2,3.2,
3303,岱稜,1.4,1.6687643,1.6,0.49070139,1.5,
6263,普萊德,4,4.5,4.3,4.3,3.9,
6596,寬宏藝術,4.5,4.5,2.999,4.5,3,
5245,智晶,1,0.43,1.5,5,5,
6143,振曜,2,2.84971131,4,2,3,
3531,先益,1,1.8,1.2,2,1.1,
6177,達麗,0.2,2.99870842,0.99911832,4.4152999,2.18750632,
5312,寶島科,4,4,3.8,3.8,3.6,
8048,德勝,2.3,2.5,2.2,2.2,2.01931757,
8074,鉅橡,1,1,1.24,1.38886337,1.66932813,
3213,茂訊,4.5,4.19999999,2.8,4,3.4,
1442,名軒,0.5,0.98689712,1,1.79729648,1.987460363,
6114,翔昇,0.7,1.2,1.5,2,3,
3567,逸昌,2,1.7086617,2,2.3,2,
2221,大甲,1,1.5,2.1049616,1.503544,1.30307147,
6266,泰詠,1.38,1.57999999,2.43999999,1.16,0.68,
3479,安勤,2.6,4,2.6,2.60353209,3.60077936,
6486,互動,6,6,4.8,3.2,3.5,
8446,華研,7,3.5,3.5,9,4.5,
6179,亞通,1.87970108,1.5,1.5,2,2.87847473,
4916,事欣科,0.5,2,2.47270363,0.98909225,2,
5287,數字,13.83087439,12.8,12.50102758,15.5,15.00088067,
6195,詩肯,4,1.8,3,3.93565934,2.96856922,
8489,三貝德,0.7,1.59115547,5.5,7.000000267,1.900000673,3.5
5410,國眾,1.7,1.5,1.3,1.23,1,
1540,喬福,0.5,1,1.5,0.6,1,
2066,世德,1.7,2.32244946,3,3.02043806,5,
8435,鉅邁,3.5,3.35,3.2,3.3,3,
8942,森鉅,3,4,5.56411614,3.01933509,5.24518436,
9934,成霖,0.5,0.6,1.29815091,1.49967266,0.9792489,
3556,禾瑞亞,3.45,3.3,3.3,4.1,4.1,
3388,崇越電,4.3,3.6,5.1,4.6028,4,
4417,金洲,2.5,2,2.49999999,1.7999999,2.4,
6207,雷科,1.5,1.20115888,2.5,1.7999999,1.5,
8349,矬,2.12,2,4.65771382,5.49072658,4.8518026,
8416,實威,7,7,7.5,7,6,
4420,光明,3,2,1,2,1,
8050,廣積,1.8,2.0081456,1.99887,2.5109309,4.41391079,
6470,宇智,3.5,2.5,2.5,2,4,
8109,博大,3.5,4.02470716,5.5,4,4.5,
3684,榮昌,1.5,2.14956184,1.5354013,2.7,2.5003556,
6294,智基,9.5,8,8,8.5,8.5,
4974,亞泰,3.5,3.3,3.1,2.75,2.48684888,
3550,聯穎,0.5,0.5,1,1.5,1.5,
3402,漢科,2.7,1.53170445,3,2.45,2,
6442,光聖,1,1.36,2,2,3.3,
1539,巨庭,0,0.8,1.8,1,1.2,
1813,寶利徠,0,1,2,1,1,
3492,長盛,0.28,0.8,1,1.2,1.7,
2419,仲琦,1,0.8,0.81352955,1.22560075,1.77283324,
2511,太子,0.4,0.5,0.65,0.65,1,
2483,百容,0.7,1,1.28802464,1.3,1.3,
6161,捷波,1.6,0.9,1.6,1.1,0.9,
2069,運錩,0.55,0.5,2.5,1.54048017,1.63771176,
3491,昇達科,2.5,3.99599107,3.996087918,3.85,4,
2527,宏璟,1.4,1.8,1.2,0.8,0.8,
2916,滿心,1.5,1.1,1.4,1.2,0.7,
6530,創威,1,1,1,1,1,
3455,由田,4,3,3,2.05406782,3.4982918,
5511,德昌,2,2.2,2.1,1.20002378,0.5,
9951,皇田,4.7,3.5,4.2,5.3,5.8,
1451,年興,0.6,0,2,1.5,1.5,
5512,力麒,0.33,0.6,0.4,0.7,0.5,
4105,東洋,4,4,4.5,4.5,3.8,
6023,元大期,2.8,3.2,2.8,2,2.47,
5371,中光電,4,2,3.5,3,3.5,
3450,聯鈞,1.4,1,3,4,8.5,
4706,大恭,0.8,0.6,1,1.1,1.3,
9136,巨騰-DR,0.3562,0.3834,0.392,0.3008,0.3856,
8923,時報,0.85,0.85,0.85,0.9,0.9,
2729,瓦城,14.5,10,13.6,12.6,11.6,
4401,東隆興,1,1.2,2,3,3.6,
1268,漢來美食,7,7,6.96526216,6.87412545,5.97811579,5
3426,台興,2,2,2.5,3,2.5,
5353,台林,0.85,1.35,1.12,0.6,0.40310276,
6184,大豐電,3,3,2.5,2.5,0.5,
2359,所羅門,0.5,0.8,1.1,1,1,
6508,惠光,1.6,1.8,1.5,1.45,1.5,
4973,廣穎,1,1.2,1.2,1,1.80023863,
1733,五鼎,1.1,1.10634249,0.84779325,1.50054167,1.5,
2355,敬鵬,0.5,1,0.5,2.25,3.2,
1307,三芳,0.5,0.8,0.5,1.7,2.2,
1436,福益,2,2.5,4,3,1,
2849,安泰銀,0.73,0.73,1,0.6,0.6,
2471,資通,1.5,1.42455689,1.2,1,1.34011591,
4747,強生,1.92,1.8,1.65,1.8,1.9,
4562,穎漢,0,0,1.5,2,1.5,1
5508,永信建,3.3406,1.801,2.86031,2.722,1.807,
3628,盈正,1,1,1.5,2.5,3,
3118,進階,1.6,1.3,1,1.9,1.9,
3390,旭軟,0.2,0.5,1.1,1,1,
3537,堡達,2.5,2.5,2.4,1.8,1.2,
5493,三聯,2,2.53406253,1.74999999,1.6,2,
6185,幃翔,0.2,0.5,0.7,1,1.7,
1709,和益,1.2,0.5,0.497241071,1.49573972,1.881836005,
6123,上奇,3.97707912,2.97707912,1,3.6,2.6,
3332,幸康,1,0.8,2.2,3,2,
6569,醫揚,6.5,8.5,7.5,6.5,8,
3432,台端,0.25,0.3,0.5,2,0.1,
5213,亞昕,2,0,2,0.97051739,0.5,
4163,鐿鈦,3.5,7,4.5,2.3,6,
5489,彩富,1,1.52910901,2,1.5,1.8,
1465,偉全,0.3,1.5,0.3,0.4,0.65,
8083,瑞穎,10,9,8.8,8.50000001,8.50000001,
4542,科嶠,1,1.2,1.2,1.8,0,
6803,崑鼎,11.00000592,10.83,10.82,9.64624522,11.33659144,
8432,東生華,1.8,1.8,1.6,2.1,3.1,
1233,天仁,0.8,1.6,1.9,2.25,1.6,
5425,台半,1.5,1.5,3,2.98143738,2.5,
4711,永純,0.8,0.6,0.5,1.2,1.4,
1604,聲寶,2.5,1.5,1.4,0.2,1.4,
1259,安心,3,3.2,3,3.5,3,
2852,第一產,0.35,0.96,0.49,0.6,0.65,
6279,胡連,4,3.25,4,8,6,
6703,軒郁,7.25,8,9.265822785,,,
3611,鼎翰,10,10,11,10,10,
6147,頎邦,3.8,4.2,3.5,2.35,2.1,
4506,崇友,3,2.7,2.6,3.1,2.2,
2430,燦坤,1.55,1,0.9,1.36,2,
3689,湧德,1.3,0.5,1.2,2.3,1.6,
1611,中電,0.3,1.2,0.15,1,0,
4549,桓達,4.5,4,4.5,4,3.5,
8477,創業家,2.45,1.37,2.87904799,1.819999612,2.379614,
1452,宏益纖,0.7,1.2,1.4,1.4,1.2,
4907,富宇,1.2,1.2,1.5,1.5,0,
5403,中菲,4,3.09999999,3,3.4,3,
5604,中連貨,7.95,5.55,3.75,1.5,1.8,
6270,倍微,1.2,1.3,1,0.97,0.5,
8401,白紗科,0.66620387,0.5005605,0.84516457,1.27793118,0.3992568,
3360,尚立,1,0.601,0.4,0.4,1.2,
8928,鉅明,1.6,2,1.5,1.5,1.5,
1570,力肯,0.8,0.8,0.8,0.8,0.5,
2912,統一超,9,9,8.8,25,8,
6624,萬年清,0,2,2.22,2.25,0.55,
4754,國碳科,2.1,3,3.5,2.6,2.6,
8155,博智,7,3.6,5.6,5.5,2.93,
1439,中和,0,5,0,0,0.5,
5206,坤悅,1.3,1.25,0.7,0.7,0.5,
3033,威健,1.34468073,0.5777067,1.6185712,1.66897504,1.0641739,
3570,大塚,5.2,5.5,3,1.28,3,
4126,太醫,4.2,4.99746458,3.2,2.5,2.5,
8255,朋程,2.30065386,4.5,5,6,6.5,
3206,志豐,2,2,1.8,1.2,1,
3265,台星科,1.229384,1.5,1.2,1.3,0.85,
6523,達爾膚,4,4,4,3.86,10.45,
1788,杏昌,7,5.998998,6,6,5,
6570,維田,1,2.5,1.8,1,1.5,2
2534,宏盛,1,0.5,0,4,1,
3563,牧德,12,9,3,10,27,
5209,新鼎,4,2.96990304,2.77665159,2.87712432,2.50597156,
6245,立端,3.3,2.80101364,2.8,2.2,3,
6462,神盾,15,9.00064957,8.09274157,4.28333322,0,
8996,高力,1.7,2,2,1,3,
2732,六角,3,8.45019484,4.38001097,4.435167653,4.91723185,
6180,橘子,4,3.1400981,6.2,0.49862342,0,
2739,寒舍,0,1,1,1,2.2,
8415,大國鋼,1.4,1.40849192,2.4,1,1,
3092,鴻碩,1.5,3.3,5.000000035,4.200000117,3,
3548,兆利,2.5,2.5,4.5,3.02145659,3.52503268,
4430,耀億,0.5,1.5,1.5,1,1,
4164,承業生,2.01,1.99670253,1.79388859,1.1,1.00442372,
6261,久元,4,3,3,4.1,3.1,
6282,康舒,1.2,1.1,1,0.9,1.40029167,
6615,慧智,1.4,2.6,2,2,2,
2890,永豐金,0.7,0.7,0.636,0.7,0.694,
5007,三星,2,2,3,3,2.5,
5515,建國,0.8,0.51942199,0.5,0.5,0.5,
6125,廣運,1.5,2,0.50579885,0.3,0.5,
4120,友華,1.5,1.8,1.8,2.5,1.8,
2640,大車隊,4.4,4.2,3.8,4,2.7,
6290,良維,3.5,3.55135998,1.49161,1.50298321,2.65298715,
9962,有益,0,0.2,0.9,0.65,0.6,
4528,江興,1.8,1.8,2.1,2.2,1.7,
1216,統一,2.7,2.5,2.5,5.5,2.1,
3546,宇峻,5.1805776,4.338736823,4.29999999,4.09999999,3.57703595,
3031,佰鴻,0.8,0.8233,0.52,0.85,0.8,
6227,茂綸,1.5,1,1.5,1.1,1,
4535,至興,0.7,1,1.15,2.15,2.25,
8930,青鋼,0.5,0.61002886,0.6,2.49999988,0.7,
1524,耿鼎,0.21,0.4,0.5,0.45,0.5,
3071,協禧,1.6,1.54562486,1.2,0.9,0,
4764,雙鍵,1,1.22176593,6,2.7,2.5,
8410,森田,2.5,1.5,1.75,1.65,1.5,
2340,光磊,1.39,0,0.5,1.35,1.19080212,
3114,好德,1.2,1.55,2.266282,1,0.5,
2883,開發金,0.55,0.6,0.3,0.6,0.5,
3454,晶睿,2,2.5,2.749999988,4.250000049,5.000000003,
4737,華廣,2,1.99251109,1.99812176,4.14,4.13754,
6435,大中,5,4.3,7.06625347,3.5,3,
6242,立康,2.8,2,2.5,2.5,1.3,
6568,宏觀,7,5.99570216,5.9043859,5,5,3
2509,全坤興,1.5,1.2,2.4,1.8,1.2,
2412,中華電,4.306,4.226,4.479,4.796,4.9419,
2484,希華,1,0.95,1.45,1,1.2,
3526,凡甲,9.58372215,5.34794274,5.2,2.53117975,4.8,
6609,瀧澤,0.8,1,2.2,1.2,0.6,
2845,遠東銀,0.517,0.743,0.715,0.71,0.65,
3015,全漢,3,1.54005085,1.25,1.5,1.5,
6248,沛波,1.2,2.2,0,0.7,0.8,
1752,南光,1.6,1.7,1.2,1.6,1.6,
3226,至寶電,3.5,3,3,2,2,
3646,艾恩特,0.92,0.85000063,0.99720083,1.00000023,0.99175656,
4175,杏一,2.85,3.6,2.93,2.6,3.2,
1777,生泰,4,3.5,3.3,1.75,3.5,
5530,龍巖,1.2,3,3,2.5,1.2,
2348,海悅,8,4.32974729,3.8,3.6,0,
2908,特力,1.07,0.70999999,1.30370452,1.2,1.08,
5533,皇鼎,0.6,0.5,0.7,0.7,0.65,
3205,佰研,0,0,0,1.605,4,
6219,富旺,2,1.1715077,0.65208208,0.51942562,0.63928261,
5439,高技,2.5,2.3,2.8,2,1.81390102,
3441,聯一光,0.5,2.1,1.5,1.5,1.2,
8421,旭源,0,0,0.59999998,0.3,1.18,
2104,中橡,0.1,0.2,2.8,2.8,2,
3607,谷崧,0,0,0.5,0.79999999,1.5,
5102,富強,0.7,0.6,0.8,1,0.7,
5230,雷笛克,0.6,0.63833388,1.2240212,1.8,1.7,
1707,葡萄王,6.4,6.5,6.5,6.67601019,6.4,
2374,佳能,0.5,0.3,0.5,0.8,0.90014811,
2882,國泰金,2.5,2,1.5,2.5,2,
6104,創惟,3,2,2.36,1.3,3,
6505,台塑化,0.59,2.9,4.8,6.3,6,
2065,世豐,2.96615817,2,0.96615817,4.66317422,2.7,
2903,遠東百,1.1,0.8,0.85,1,0.7,
5426,振發,0,0,1,0,1,
1722,台肥,2.3,2.2,2.2,2.1,2.1,
6588,東典光電,1.5,1.30759023,1,3.5,4,0.5
2897,王道銀行,0.2,0.40095327,0,0.3,0.45,
3211,順達,6.5,5,3.5,2.5,3,
3323,加百裕,2.5,1.03735714,2.05754693,2,1,
8929,富堡,0.5,0.5,0.999999992,3.000000162,3.100000033,
3078,僑威,3.15,1.3,1.45,1.75,2.35,
5520,力泰,3.55,1.85,1.2,1.2,1.75,
6208,日揚,1.98999861,1.7,1.7,1.4,0.8,
8042,金山電,1,0.3,2,2.94191409,3.47028579,
2630,亞航,0.59,1,1,1.25,1.55,
4714,永捷,0.5,0.965126487,1.58094674,0.47454269,0.37164268,
6605,帝寶,1.4,1.5,2.3,2.5,3,
5443,均豪,1,1.55655535,1.3,1.21697615,1.8,
6274,台燿,4.8013887,4.60373477,4.39551842,3.18853027,2.09841906,
5220,萬達光電,3,1.4,3,2.6,2.5,
6532,瑞耘,2,1.59719497,2.3,1.1,0.7939,
3363,上詮,1,0.8,1.5,1,0.50013798,
5251,天鉞電,0,0,0,0.60013598,2.0008025,
8234,新漢,0.8,0.8,0.7,0.6,1.49633567,
3264,欣銓,2,1.3,1.6002154,1.64865415,1.25029354,
6504,南六,12,4.5,5,4.5,4.8,
1906,寶隆,0.4,0.5,0.5,1,1.5,
2206,三陽,1.3,1.01008869,1,1.01815585,1.03381824,
2352,佳世達,1.5,0.75,0.85,1.35,1.32,
1457,宜進實,1.5,1,0.5,1,0.5,
6512,啟發電,0,0,0.47204324,0.46453044,2.27826168,
5488,松普,0,0,1.35,0,0.08,
2547,日勝生,0.62,0.60814114,1,0,0,
5525,順天,0.5,1.3,3,1.2,0.3,
9188,精熙,0.171764,0.09565,0.076114,0.6767,0.140805,
4111,濟生,1,1,0.6,0.8,0.8,
1909,榮成,0.6,0.3,0.5,1.75,1.48946704,
1541,錩泰,3,0,1,1.5,3.3,
1593,祺驊,3.6,3.2,4,3.23861861,2.99949623,
1103,嘉泥,1.4,1.0018628,1,0.5,0.2,
3290,東浦,0.2,0.5,1,0.3,0.3,
4129,聯合骨,0.83391139,0.82053876,2.00044757,1.25974555,1.38757647,
4183,福永,1.2,0.7,0.7,0.3,0.8,
6151,晉倫,1.8,1,1.3,2,2.2,
1264,德麥,13,11.0039187,11,10.5,11,
1724,台硝,0.25,0.5,0.5,0.6,1,
1336,台翰,1.5,1.2,0.79029458,0.6,0,
2472,立隆,3,1.50011609,2.3,2.2,2.4,
3052,夆典,0.8,0.50558162,0,0.7,0.3,
3444,利機,1.8,1.8,1,1,1,
6188,廣明,1,2,1.5,1.2,1.5,
3038,全台,1.2,1.2,0.5,0.4082768,0.40852705,
1220,台榮,1,0.6,0.46,0.4,0.65,
1710,東聯,0,0.3,1.75,1.75,0.2,
9904,寶成,0.5,1.25,1.5,2,1.5,
1419,新光紡,1,1,0.84752263,3.72611177,0.456193,
3581,博磊,0.9,0.7,0.7,1,1,
4933,友輝,2.2,1.0853861,1.61420573,0.8,1.35,
8064,東捷,0.2,1,1,0,0.85021188,
8176,智捷,0,0.15,0.6,0.55,0.3,
5289,宜鼎,6.8,7.7,6.2,5.90436183,4.36763551,
2905,三商行,1,2,0.5,1.6,1.4,
4566,時碩工業,1.20168177,1.64415176,1.99420634,2.39,1,
8043,蜜望實,0.2,0.5,2.6,0.8,1,
2233,宇隆,3.75,3.3,4,6.01111492,5,
2520,冠德,3.4,1.5,1,0.5,1.1,
5460,同協,0.1,0.55,0.3,0.5,0.65,
6217,中探針,1.05,1.0284824,0.69857665,1.6,1.8,
6464,台數科,3.2,4.215460788,5.60691479,5.1,2.4,
6662,樂斯科,2,1.9,1.85,2.35,,
3672,康聯訊,0.25,0.205233495,0.3,0.6,1.82934318,
1535,中宇,1.35,1.2,1.1,1.25,1.8,
4721,美琪瑪,1.39,2.44,2.8,2.4,1.55,
5278,尚凡,2.78622937,2.78622937,10.89959684,3.46301671,2.22153382,
2889,國票金,1,0.822889293,0.55,0.77,0.694864409,
1410,南染,0.9,1,1.3,1.4,1.45,
4533,協易機,0.2,0.25,0.45,0.45,0.6,
5706,鳳凰,0.3,1.262793996,2.11,3,2,
9926,新海瓦,1.8,1.7,1.5,1.6,1.6,
4735,豪展,1.5,1.5,9,3,6,
2105,正新,1.2,1,1.1,1.8,3,
2107,厚生,1.5,0.81793378,0.68,0.65,0.55361871,
3217,優群,5.6,4.3,3,2.55,2,
8299,群聯,23,13,13,17,14,
8420,明揚,0.8,1.3,0.8,0.5,1.2,
4930,燦星網,3.5,0.5,0,0,0.3,
6121,新普,19.1,14.5,11.5,10,6,
6414,樺漢,5,4.91665602,7,8.87765192,10.11987804,
2468,華經,0.4,0.5,0.5,0.4,0.5,
4736,泰博,11.5,6.43238432,7.99205,4.904033,5.5,
3583,辛耘,1.85,2,2.5,2,2.02019221,
8088,品安,1.2,2.08,0.44,0.190721543,1.05852374,
4510,高鋒,0,0,0.65,0.55,0.7,
4568,科際精密,4,3.2283619,4.47700675,4.43107221,,
5487,通泰,1.1,0.97846552,0.88276278,1.47409374,2,
2317,鴻海,4,4.2,4,2,4.5,
8931,大汽電,1.4,1.1,1.1,0.9,0.8,
1507,永大,1.9,2.2,1.8,2,2.4,
2634,漢翔,0.2,1.19,1.34,1.13,1.37,
3093,港建,4.2,1.6,1.3,0.55,1.82,
2731,雄獅,0,2,3.8,5.2,4,
4107,邦特,4,4,4,3.5,3,
2012,春雨,0.6,1.2,1.3,0.75,0.75,
8354,冠郝,0.3,0.7,1.8,1.5,0.5,
1605,華新麗華,0.9,0.50608642,1.2,1,0.7,
4116,明基醫,1,1.35,1.35,1,0.69613607,
4744,皇將,1.2,1.63532339,1.5,1,2,
6173,信昌電,2,1.8,4.3,1.5,0.301982,
1701,中化,1,0.8,0.8,0.6,0.6,
2383,台光電,7,5.76191933,3.8,4.8,4.6982618,
2477,美隆電,1.45,1.6,0.86,1.3,0,
6005,群益證,1.1,0.8,0.4,0.9,0.37,
1470,大統新創,0.42,0.8,0.4,0.5,0.55,
2231,為升,1.2,7.19694417,8.165761129,8.76688714,9.5,
3346,麗清,0.16,0,1.4957173,2.5,3,
3284,太普高,0,0,0.3,1.03706326,0.7,
4555,氣立,1.5,1.2,2,2,2,
9918,欣天然,1.6,1.35,1.15,1.2,1.15,
2614,東森,0.8,1,1,0,0,
8905,裕國,0.3,1,1,1,1,
9908,大台北,1.1,1.1,1.1,1.1,1,
1473,台南,0.2,0.5,0.5,0.50342913,1.2,
3380,明泰,1,0.44053987,1.0003738,1,1.04,
3527,聚積,2,4.14563043,5,2.72259174,4.00000003,
6183,關貿,1.81,1.75,1.66,1.5,1.22,
6194,育富,1.5,1.1,0.75,0.75,0.75,
2453,凌群,1.5,1,0.5,0.7,0.5,
2633,高鐵,1.05,1.2101,1.12,0.75,0.6,
1599,宏佳騰,2,1.03673655,3,1.01299621,4,
3022,威強電,2,1.0039185,1.5,0.5,3,
6148,驊宏資,0.810448,0.3157629,0.999698,0,0,
6175,立敦,1.0751945,0.50067926,1.5,2,0.5,
3703,欣陸,1.4,0.5,0.9,0.6,0.5,
5478,智冠,6,4.01768135,2.2,2,2,
6155,鈞寶,0.75,1.04,1,0.45,0.85,
6425,易發,0.5,0.51292656,3,2.1,0.49191854,
1525,江申,2.2,2,1.8,2.4,2.3,
1531,高林股,0.2,0.20152498,0.5,0.8,0.6,
4536,拓凱,5,6,5.5,3,6,
1232,大統益,6,5,5,5,5,
3338,泰碩,1.8,2.08640598,1.2,0.3004948,2.19749455,
6026,福邦證,0.8,0.69945879,0.2,1.38,0.35,
6213,聯茂,5,5,3.8,3.1,2.5,
6224,聚鼎,4.25,4,3.75,3,4.55,
3021,衛展,0.7,0.40779986,0.75,0.75,0.7,
3691,碩禾,2,2,0,5,15.18675597,
4207,環泰,0.65,0.3734023,0.7,1.05,0,
2855,統一證,1.9,1.2,0.69906901,1.2,0.41,
2881,富邦金,4,2,2,2.3,2,
2888,新光金,0.4,0.38812476,0.2,0.480038273,0.20398877,
4543,萬在,0,0.71154052,0.99859575,0.3,0.39989425,
6527,明達醫,1.4,2.55,1.72705463,1.00516189,1,
1617,榮星,0.6,0.3,1,0.6,0.39999999,
4905,台聯電,1,1.52064834,2.54752526,2.07224996,1.04965188,
4908,前鼎,1.1,1.1,0.86,0.80778607,0.65023026,
9946,三發,0.8,0.8,1.654442,1,1.35,
1731,美吾華,1,0.6,0.5,0.6,0.55,
6438,迅得,4.3,1.5252951,2.8,4,2,
3050,鈺德,0.6,0.5,0.3,0.6,0.3,
6212,理銘,3,0,3,1.5,1.5,
1203,味王,1.1,1,1,1.3,1,
8099,大世科,1.35,1.05,1.02,1.62,1.14,
8921,沈氏,0.418,0.6,0.35,0.259,0.79,
2727,王品,4.3040913,4.44368774,4.39326387,5.5,3.5,
3285,微端,0.35,0.2,1.2,0.4644,1,
8341,日友,8.2,8,6.5,6,4.5,
3272,東碩,1.8,0.8,1,1.35,1.49,
5820,日盛金,0.5501477,0.5444997,0.8611186,0.7364611,0.07965868,
2376,技嘉,5,2.2,3,4,2.59962839,
8103,瀚荃,1.4,1.03098029,1,1,1.8,
3014,聯陽,6,3.3,2.700234,2.501093,2.934933,
6411,晶焱,5.1,4.7985,4.76118,3.8,2.4,
6432,今展科,1.6,1.29999999,1.6,0.37555231,1.400000205,
3663,鑫科,0.8,1,0.4,0.5,0.6,
3260,威剛,3.5,1.41080636,0.2,6,4,
9938,百和,3,3,2.6,3,3,
3551,世禾,2.2,1.7,1.6,1.2,1,
1324,地球,0.3,0.3,0.3,0.3,0.4,
1536,和大,1.1,2.00344966,3.5,3.75,3.5,
6174,安,0,0,1,0.5,1,
2024,志聯,0.25,0.35,0.6,0.8,0.6,
2426,鼎元,0.75,0.30267413,1.2,0.69999716,0.89251646,
4545,銘鈺,0.55,0.35,0.35,0.5,2.25,
3305,昇貿,1.5,1.00500526,1.02726076,1.02726076,2.36269973,
4739,康普,1.2,1.2267,3.2,3.00950888,2.697423,
8081,致新,9.5,7.5,5,4.5,5,
6674,鋐寶科技,1,1.4,1.8,1.79587887,,
1504,東元,1.15,0.99,0.9,0.86,0.88,
3013,晟銘,0.3,0.3,0.3,0.5,0.5,
5471,松翰,5.7,2.1,2.08,1.5,1.8,
6271,同欣電,5.5,2.44484149,6,6,5.91108397,
6661,威健生技,1.1018,1.341,1.26242942,1.111377,,
5201,凱衛,2.8,0.3,1.4,0.3,0,
1409,新纖,1.1,0.55,0.85,0.5,0.25,
1727,中華化,0,0.2,0.6,0.6,0.6,
2377,微星,6.1,4.2,5,4.5,4.5,
4433,興采,2,0.9924631,2.64304651,0.5,1.0236115,
1528,恩德,0.1,0.10418123,0.20061392,0.5,0.5,
912000,晨訊,0.426832,0.07664,0,0,0,
8938,明安,2.7,2.3,2.2,2.6,1.3,
1717,長興,1.5,1.4,0.9,1.2,2,
2643,捷迅,4,2,2,2,2.2874571,
3484,崧騰,3.2,1.4,1.3,1.9,2.1,
8182,加高,1.5,1,1.1,1,0.65,
2880,華南金,0.529,1.1206,1.09,0.95,1.2,
3144,新揚科,1.6,0.9,1,1.1,0.7,
5347,世界,3.5,3.2,3.2,3,3,
2106,建大,1,0.80003202,1,1.2,2,
5203,訊連,2.26,3.63842666,2.99023886,1.69130668,1.70021346,
9907,統一實,0.53,0,0.47,0.5,0.38,
5465,富驊,1.15,1,0.27,0,0,
1503,士電,1.6,1.6,1.5,1.3,1.2,
6164,華興,0,0,0.2,0.4,0.85,
8021,尖點,1.58,1.2,1.2,0.4,0.9114,
1225,福懋油,1.4,1.3,1.15,1.25,1.25,
2070,精湛,1,1,2,2,2,3
2030,彰源,0.5,0.510694196,1,1,0.3,
3004,豐達,0.5,2.67,2.5,2,1.5,
8472,夠麻吉,2.5,1.78881832,0.55379305,1,2.77,
9931,欣高,1.3,1.3,1.3,1.2,1.2,
2313,華通,1.5,1.2,0.8,1.2,0.6,
8222,寶一,0,0.45,0.5,0.3,0.8,
1568,倉佑,0.3,0.50363485,0.65,0.8,1.2,
3515,華擎,8,4,4.00061651,4,2,
3227,原相,8.5,5.12663225,5.27078758,4.47114744,2.00102941,
5904,寶雅,19,17.1,15.75,13,10.8,
6109,亞元,0,0,0.1,0.5,1,
3645,達邁,1.5,0.5,2.00000002,1.5,1.2,
6196,帆宣,3.5,2.59617882,2.99683924,2.4809303,2.074717,
2801,彰銀,0.46,0.8,0.84,0.85,0.92,
3587,閎康,4.5,3,3,2.5,3.5,
2428,興勤,5.5,4.2,3.8,4,3.3,
1614,三洋電,0.94927775,0.832870318,0.90859895,0.69647415,1.05359506,
1708,東鹼,1.8,1.6,1,1,1,
6138,茂達,5.2,4.33111676,4.20303749,2.40007006,2.11001601,
2029,盛餘,0.5,0.15,0.25,1.75,2.45,
2427,三商電,0.3,0.35,0.4,0.25,0.2,
5474,聰泰,10,4.58135939,3.8,3.3,3.3,
2006,東和鋼,1.5,1.35,1.2,1.4,1.3,
1713,國化,0.66,0.58,0.71,0.44,0.58,
6146,耕興,6.8,6,6.2,6.2,6.2,
3042,晶技,3.8,2.5,2,2.5,2.8,
3289,宜特,1,1,3.1,0.6,1,
6168,宏齊,0.7,0,1,1,0,
3306,鼎天,0.5,0.7,0.5,0.5,0.5,
1514,亞力,1.2,1.2,1,0.5,0.5,
1513,中興電,2.2,1.19655454,1,1,1,
3354,律勝,0.3,0.5001498,0.49550222,0.39681851,0.11345355,
3131,弘塑,11,8,8,10,10,
6223,旺矽,4.5,2.48956154,1.99964997,0.5,4.18444102,
2027,大成鋼,0.8,1.2,3,1.2,0.79603629,
3577,泓格,0.7,0.7,1.70000006,1.5,2,
3580,友威科,1.3,1.74476081,2.10000001,3.00008284,0,
2701,萬企,0.25,0.4,0.4,0.5,0.75,
6603,富強鑫,0.1,0.09929433,0.49879701,0.78828349,0.69782758,
6203,海韻電,5,2.5,2.5,1.2,2,
1735,日勝化,0.5,0.65,0.15,0.5,0.5,
3094,聯傑,0.8,0.82398412,0.8,0.9,1.1,
6494,九齊,3.5,2,2.2,3.5,3,
8147,正淩,0.5,0,0.75,2,1.9977235,
6449,鈺邦,1.9,1,0.98510218,1.85403145,1.8,
1477,聚陽,8,5,7.6,6,6.71153663,
2485,兆赫,0,0,0.5,0.4,1.4,
5704,老爺知,2.2,0.8,0.5,0.3,0,
6418,詠昇,0.2,0.5,1.1,1.3,1.6,
4173,久裕,0.56023613,0.59771693,1.03856799,0.3,0.53564513,
4306,炎洲,1.24,0.305107,0.494894,0.59696,0.3,
2010,春源,0.6,0.3,0.56,0.5,0.7,
6166,凌華,1,1.6,1.30001605,1.50000045,1.80479375,
2495,普安,0.3,0.60600106,0.4,0.39997632,0.9,
2207,和泰車,17,14,12,12,12,
6215,和椿,0.5,0.5,0.5,0.6,0.5,
2351,順德,1.8,1.8,2.8,2.5,2.5,
2362,藍天,0.6,0.4,1,0.84112268,0.71400495,
3624,光頡,0.8,0.7,1.2,0.5,0.5,
8450,霹靂,0,0,0.8,1.00000008,2,
2002,中鋼,0.3,0.5,1,0.88,0.85,
2409,友達,0.3,0,0.5,1.5,0.56,
4551,智伸科,4,1.86875741,3.1,6.35,4.6,
2606,裕民,1.2,1.9,1.8,1.2,0.75,
3625,西勝,0,0.5,1,1,0,
3652,精聯,0.15304912,0.1400497,0.7,0.7,0.699999,
2906,高林,0.3,0.3,0.4,0.4,0.4,
2608,大榮,1.68,1.45,1.56,1.6,1.5,
3055,蔚華科,0.2,0.4,1,0.8,0.81920943,
5263,智崴,0,5.6,4.5,6,2.5,
5903,全家,7.5,6.5,5.8,5.5,5.2,
8071,能率網通,0.2,0.5,0.42,0.15,0.2,
8240,華宏,1.6,1.3,0.85,0,0,
2415,錩新,0.5,0.5,1.5,1,0.9,
4909,新復興,0.3,0.3,0.7,0.6,1.2,
2455,全新,2.59,2.50002704,2.5,2.5,2.53079561,
4541,晟田,0.2,0.71916417,1.09465232,0.3,0.3,
8443,阿瘦,0.15,0.15,0.43,0.28,0.3,
4919,新唐,0.8,1.2,2.5,2.5,2.4,
5905,南仁湖,0.2,0.2,0.42971283,0.35,0.3,
1454,台富,0.2,0.2586209,0.2,0.2,0.3,
2515,中工,0.233,0.201,0.197,0.187,0.194,
1711,永光,0.3,0.3,0.5,0.5,0.5,
2706,第一店,0.15,0.45,0.45,0.553,1,
3002,歐格,0.1,0.47,0,0.25,0.5,
3081,聯亞,5,4.00006598,5.00093457,5,8,
8463,潤泰材,0.77,0.49,0.7,0.83,1.1,
2103,台橡,0.36,0.5,0.98,0.96,1,
2395,研華,7.1,8.787955,6.79567182,6.59515558,7.29734883,
4205,中華食,3,3,2.8,3,2.6,
6234,高僑,0.6,1.2,0.6,0.3,0.5,
3221,台嘉碩,0.2,0.19966648,0.41766039,0.47857324,0.99912881,
2489,瑞軒,0.13146157,0,0,0,1.7,
6133,金橋,0,0.25,0.25,0.25,0.2,
9910,豐泰,3.7,6,7.7,5,5.2,
2745,五福,0,0.3,0.3,1.764437,0.29654184,
3062,建漢,0.15,0.15,0.4,0.3501555,0.80022874,
6230,超眾,1.36,4.87,4.7,3.95,7.5,
8076,伍豐,0.5,1.00857947,1,1,1.00000001,
2316,楠梓電,1.5,0.5,1,0,0,
5291,邑昇,1.1,1.20694049,0.79999999,0,0,
912398,友佳,0.2244672,0.2244672,0.281175,0.281175,0.2257296,
1108,幸福,0.7,0.15,0,0,0.6,
8110,華東,0.2,0,0.3,0.85,0.249954,
8215,明基材,0.7,0.5,0.6,0.9,0,
